requestId,type,recordId,verdict,timeout,submit_ms,e2e_ms
qual-f-60633-0,forged,102,2,0,15.39,23.34
qual-f-60633-1,forged,104,2,0,13.13,23.04
qual-f-60633-10,forged,113,2,0,11.44,18.68
qual-f-60633-11,forged,114,2,0,11.33,18.56
qual-f-60633-12,forged,115,2,0,12.44,24.57
qual-f-60633-13,forged,118,2,0,12.62,26.06
qual-f-60633-14,forged,116,2,0,11.94,23.90
qual-f-60633-15,forged,117,2,0,14.20,24.07
qual-f-60633-16,forged,119,2,0,11.41,18.96
qual-f-60633-17,forged,120,2,0,12.57,18.62
qual-f-60633-18,forged,121,2,0,9.51,22.04
qual-f-60633-19,forged,122,2,0,12.56,22.02
qual-f-60633-2,forged,105,2,0,12.75,22.67
qual-f-60633-20,forged,125,2,0,12.81,24.10
qual-f-60633-21,forged,124,2,0,13.96,18.86
qual-f-60633-22,forged,123,2,0,13.30,22.62
qual-f-60633-23,forged,126,2,0,12.95,20.89
qual-f-60633-24,forged,127,2,0,13.39,14.12
qual-f-60633-25,forged,128,2,0,12.89,20.72
qual-f-60633-26,forged,129,2,0,11.42,23.82
qual-f-60633-27,forged,130,2,0,14.64,21.12
qual-f-60633-28,forged,131,2,0,17.76,22.75
qual-f-60633-29,forged,132,2,0,15.68,23.52
qual-f-60633-3,forged,106,2,0,12.51,24.11
qual-f-60633-30,forged,133,2,0,15.39,22.68
qual-f-60633-31,forged,134,2,0,14.50,27.43
qual-f-60633-32,forged,135,2,0,13.36,23.33
qual-f-60633-33,forged,136,2,0,12.63,25.38
qual-f-60633-34,forged,137,2,0,15.05,15.83
qual-f-60633-35,forged,138,2,0,15.08,15.75
qual-f-60633-36,forged,139,2,0,14.22,15.66
qual-f-60633-37,forged,140,2,0,12.35,25.15
qual-f-60633-38,forged,142,2,0,12.35,20.16
qual-f-60633-39,forged,144,2,0,10.92,23.61
qual-f-60633-4,forged,107,2,0,13.35,25.07
qual-f-60633-40,forged,141,2,0,11.12,23.22
qual-f-60633-41,forged,143,2,0,12.60,23.14
qual-f-60633-42,forged,145,2,0,12.93,30.48
qual-f-60633-43,forged,146,2,0,14.23,30.21
qual-f-60633-44,forged,148,2,0,12.57,31.44
qual-f-60633-45,forged,147,2,0,12.08,28.95
qual-f-60633-46,forged,149,2,0,11.79,22.07
qual-f-60633-47,forged,151,2,0,14.12,20.76
qual-f-60633-48,forged,150,2,0,14.31,28.36
qual-f-60633-49,forged,152,2,0,12.94,20.00
qual-f-60633-5,forged,108,2,0,14.34,19.18
qual-f-60633-50,forged,153,2,0,12.27,26.48
qual-f-60633-51,forged,154,2,0,11.43,24.54
qual-f-60633-52,forged,155,2,0,11.86,29.82
qual-f-60633-53,forged,156,2,0,12.08,24.90
qual-f-60633-54,forged,159,2,0,8.51,23.16
qual-f-60633-55,forged,157,2,0,12.98,26.15
qual-f-60633-56,forged,158,2,0,11.75,25.55
qual-f-60633-57,forged,160,2,0,11.98,24.81
qual-f-60633-58,forged,161,2,0,12.26,23.72
qual-f-60633-59,forged,162,2,0,11.52,22.72
qual-f-60633-6,forged,110,2,0,13.02,21.82
qual-f-60633-60,forged,163,2,0,9.78,24.24
qual-f-60633-61,forged,164,2,0,11.72,24.27
qual-f-60633-62,forged,165,2,0,11.54,23.82
qual-f-60633-63,forged,167,2,0,13.14,23.63
qual-f-60633-64,forged,166,2,0,10.70,23.52
qual-f-60633-65,forged,168,2,0,10.71,31.15
qual-f-60633-66,forged,169,2,0,11.12,19.95
qual-f-60633-67,forged,170,2,0,10.95,33.99
qual-f-60633-68,forged,171,2,0,11.36,33.00
qual-f-60633-69,forged,172,2,0,11.22,27.62
qual-f-60633-7,forged,109,2,0,13.83,22.12
qual-f-60633-70,forged,173,2,0,11.16,31.60
qual-f-60633-71,forged,176,2,0,11.36,19.65
qual-f-60633-72,forged,174,2,0,11.12,26.38
qual-f-60633-73,forged,175,2,0,9.43,26.72
qual-f-60633-74,forged,177,2,0,9.97,31.58
qual-f-60633-75,forged,178,2,0,10.08,30.70
qual-f-60633-76,forged,180,2,0,28.20,29.43
qual-f-60633-77,forged,179,2,0,25.37,28.75
qual-f-60633-78,forged,181,2,0,25.40,23.30
qual-f-60633-79,forged,182,2,0,22.92,23.54
qual-f-60633-8,forged,112,2,0,13.80,18.82
qual-f-60633-80,forged,184,2,0,22.78,23.02
qual-f-60633-81,forged,183,2,0,22.64,28.58
qual-f-60633-82,forged,185,2,0,27.71,25.16
qual-f-60633-83,forged,186,2,0,27.60,26.60
qual-f-60633-84,forged,187,2,0,14.91,37.71
qual-f-60633-85,forged,188,2,0,14.86,33.07
qual-f-60633-86,forged,189,2,0,14.73,24.88
qual-f-60633-87,forged,192,2,0,18.05,34.43
qual-f-60633-88,forged,191,2,0,15.16,32.83
qual-f-60633-89,forged,190,2,0,15.16,29.13
qual-f-60633-9,forged,111,2,0,11.62,25.74
qual-f-60633-90,forged,193,2,0,11.75,29.68
qual-f-60633-91,forged,194,2,0,12.98,29.64
qual-f-60633-92,forged,195,2,0,13.12,24.55
qual-f-60633-93,forged,196,2,0,12.78,24.58
qual-f-60633-94,forged,197,2,0,11.46,29.32
qual-f-60633-95,forged,198,2,0,11.07,29.36
qual-f-60633-96,forged,200,2,0,17.26,19.74
qual-f-60633-97,forged,199,2,0,9.49,24.14
qual-f-60633-98,forged,201,2,0,8.85,20.23
qual-f-60633-99,forged,202,2,0,10.96,15.97
qual-r-60633-0,real,10,1,0,124.80,215.27
qual-r-60633-1,real,4,1,0,122.52,215.34
qual-r-60633-10,real,12,1,0,15.39,214.30
qual-r-60633-11,real,13,1,0,18.63,214.32
qual-r-60633-12,real,15,1,0,15.12,214.08
qual-r-60633-13,real,16,1,0,16.57,214.09
qual-r-60633-14,real,17,1,0,15.07,213.96
qual-r-60633-15,real,18,1,0,16.44,213.79
qual-r-60633-16,real,19,1,0,13.79,26.41
qual-r-60633-17,real,20,1,0,14.25,26.70
qual-r-60633-18,real,21,1,0,14.42,26.40
qual-r-60633-19,real,22,1,0,13.70,26.62
qual-r-60633-2,real,8,1,0,120.40,215.19
qual-r-60633-20,real,24,1,0,13.50,17.28
qual-r-60633-21,real,23,1,0,14.07,32.96
qual-r-60633-22,real,25,1,0,11.40,26.31
qual-r-60633-23,real,26,1,0,13.21,33.45
qual-r-60633-24,real,29,1,0,14.01,17.16
qual-r-60633-25,real,27,1,0,13.10,20.57
qual-r-60633-26,real,31,1,0,13.66,32.65
qual-r-60633-27,real,32,1,0,12.83,20.48
qual-r-60633-28,real,28,1,0,12.61,16.50
qual-r-60633-29,real,30,1,0,14.14,32.68
qual-r-60633-3,real,6,1,0,118.29,215.27
qual-r-60633-30,real,33,1,0,13.71,32.20
qual-r-60633-31,real,34,1,0,12.87,45.18
qual-r-60633-32,real,35,1,0,13.20,19.88
qual-r-60633-33,real,37,1,0,13.61,20.13
qual-r-60633-34,real,36,1,0,12.92,15.51
qual-r-60633-35,real,39,1,0,12.47,16.38
qual-r-60633-36,real,38,1,0,12.80,16.32
qual-r-60633-37,real,40,1,0,11.99,23.45
qual-r-60633-38,real,41,1,0,12.20,22.43
qual-r-60633-39,real,42,1,0,11.52,28.84
qual-r-60633-4,real,9,1,0,116.58,215.23
qual-r-60633-40,real,43,1,0,11.38,21.84
qual-r-60633-41,real,44,1,0,11.13,22.30
qual-r-60633-42,real,45,1,0,11.12,22.44
qual-r-60633-43,real,47,1,0,13.85,22.17
qual-r-60633-44,real,46,1,0,13.72,16.71
qual-r-60633-45,real,48,1,0,13.54,22.11
qual-r-60633-46,real,49,1,0,15.39,31.52
qual-r-60633-47,real,50,1,0,11.35,21.68
qual-r-60633-48,real,51,1,0,13.74,30.17
qual-r-60633-49,real,52,1,0,15.00,23.63
qual-r-60633-5,real,5,1,0,114.59,214.98
qual-r-60633-50,real,54,1,0,14.85,17.65
qual-r-60633-51,real,56,1,0,15.07,23.51
qual-r-60633-52,real,53,1,0,15.74,24.79
qual-r-60633-53,real,55,1,0,25.55,33.57
qual-r-60633-54,real,57,1,0,13.19,22.75
qual-r-60633-55,real,58,1,0,23.68,21.42
qual-r-60633-56,real,59,1,0,26.06,20.60
qual-r-60633-57,real,60,1,0,25.12,32.81
qual-r-60633-58,real,62,1,0,25.27,36.91
qual-r-60633-59,real,61,1,0,23.66,26.83
qual-r-60633-6,real,7,1,0,112.52,214.69
qual-r-60633-60,real,63,1,0,24.79,25.10
qual-r-60633-61,real,64,1,0,21.17,37.73
qual-r-60633-62,real,65,1,0,18.47,36.46
qual-r-60633-63,real,66,1,0,18.53,26.72
qual-r-60633-64,real,68,1,0,13.41,36.74
qual-r-60633-65,real,67,1,0,13.87,33.74
qual-r-60633-66,real,69,1,0,14.78,29.72
qual-r-60633-67,real,70,1,0,13.06,34.41
qual-r-60633-68,real,72,1,0,13.40,36.97
qual-r-60633-69,real,71,1,0,15.71,37.18
qual-r-60633-7,real,3,1,0,110.18,214.52
qual-r-60633-70,real,73,1,0,16.13,31.10
qual-r-60633-71,real,74,1,0,15.97,30.20
qual-r-60633-72,real,75,1,0,10.28,32.17
qual-r-60633-73,real,76,1,0,12.21,28.71
qual-r-60633-74,real,77,1,0,11.63,26.68
qual-r-60633-75,real,80,1,0,15.28,27.25
qual-r-60633-76,real,79,1,0,14.24,25.62
qual-r-60633-77,real,78,1,0,15.75,23.62
qual-r-60633-78,real,81,1,0,15.12,28.43
qual-r-60633-79,real,82,1,0,15.04,27.04
qual-r-60633-8,real,14,1,0,18.39,214.50
qual-r-60633-80,real,83,1,0,14.78,20.79
qual-r-60633-81,real,84,1,0,18.53,24.85
qual-r-60633-82,real,85,1,0,18.63,32.75
qual-r-60633-83,real,86,1,0,15.26,22.49
qual-r-60633-84,real,87,1,0,15.17,22.33
qual-r-60633-85,real,88,1,0,18.88,22.86
qual-r-60633-86,real,89,1,0,15.03,25.00
qual-r-60633-87,real,90,1,0,15.25,17.23
qual-r-60633-88,real,91,1,0,15.22,24.30
qual-r-60633-89,real,92,1,0,41.41,23.30
qual-r-60633-9,real,11,1,0,15.02,214.37
qual-r-60633-90,real,93,1,0,43.32,15.03
qual-r-60633-91,real,94,1,0,43.11,30.18
qual-r-60633-92,real,95,1,0,40.65,28.19
qual-r-60633-93,real,96,1,0,42.45,25.65
qual-r-60633-94,real,97,1,0,40.77,25.12
qual-r-60633-95,real,98,1,0,41.13,27.64
qual-r-60633-96,real,99,1,0,40.70,20.91
qual-r-60633-97,real,100,1,0,12.11,20.28
qual-r-60633-98,real,101,1,0,13.46,23.16
qual-r-60633-99,real,103,1,0,15.48,26.85
