seq,concurrency,latency_ms,status,ok
0,500,550.70,200,1
1,500,550.69,200,1
2,500,535.58,200,1
3,500,809.03,200,1
4,500,549.56,200,1
5,500,801.59,200,1
6,500,1159.32,200,1
7,500,530.66,200,1
8,500,542.75,200,1
9,500,542.30,200,1
10,500,1481.77,200,1
11,500,808.30,200,1
12,500,530.13,200,1
13,500,793.79,200,1
14,500,814.03,200,1
15,500,807.97,200,1
16,500,541.47,200,1
17,500,1152.06,200,1
18,500,533.53,200,1
19,500,807.49,200,1
20,500,794.28,200,1
21,500,1157.14,200,1
22,500,793.70,200,1
23,500,1490.31,200,1
24,500,1145.01,200,1
25,500,1138.39,200,1
26,500,807.20,200,1
27,500,1162.33,200,1
28,500,1156.16,200,1
29,500,1775.72,200,1
30,500,1497.40,200,1
31,500,1789.19,200,1
32,500,1480.93,200,1
33,500,1130.65,200,1
34,500,1150.52,200,1
35,500,1784.96,200,1
36,500,1460.72,200,1
37,500,1155.51,200,1
38,500,1776.57,200,1
39,500,1761.22,200,1
40,500,1496.32,200,1
41,500,1496.07,200,1
42,500,2142.94,200,1
43,500,1464.34,200,1
44,500,1478.05,200,1
45,500,1495.44,200,1
46,500,2155.47,200,1
47,500,2448.21,200,1
48,500,1787.50,200,1
49,500,1789.09,200,1
50,500,1803.13,200,1
51,500,2138.59,200,1
52,500,2117.39,200,1
53,500,1758.84,200,1
54,500,2138.96,200,1
55,500,1776.39,200,1
56,500,2129.56,200,1
57,500,4139.76,200,1
58,500,2426.00,200,1
59,500,2114.89,200,1
60,500,5331.22,200,1
61,500,2699.68,200,1
62,500,5931.86,200,1
63,500,2137.38,200,1
64,500,4117.09,200,1
65,500,2149.65,200,1
66,500,2134.62,200,1
67,500,2415.88,200,1
68,500,2707.89,200,1
69,500,2435.27,200,1
70,500,2685.65,200,1
71,500,3011.64,200,1
72,500,3014.38,200,1
73,500,3339.60,200,1
74,500,2437.12,200,1
75,500,2677.04,200,1
76,500,2441.23,200,1
77,500,2432.31,200,1
78,500,2436.54,200,1
79,500,2446.68,200,1
80,500,7867.68,200,1
81,500,5031.90,200,1
82,500,3885.72,200,1
83,500,2703.44,200,1
84,500,4143.33,200,1
85,500,2695.34,200,1
86,500,3603.89,200,1
87,500,4378.39,200,1
88,500,3021.92,200,1
89,500,2443.77,200,1
90,500,2710.97,200,1
91,500,3881.49,200,1
92,500,3311.84,200,1
93,500,2708.71,200,1
94,500,3023.48,200,1
95,500,3307.72,200,1
96,500,2698.63,200,1
97,500,3333.08,200,1
98,500,2702.35,200,1
99,500,3565.51,200,1
100,500,3333.74,200,1
101,500,3318.45,200,1
102,500,4433.22,200,1
103,500,3607.27,200,1
104,500,3031.04,200,1
105,500,6454.35,200,1
106,500,4404.97,200,1
107,500,3589.56,200,1
108,500,6753.82,200,1
109,500,2996.37,200,1
110,500,3327.79,200,1
111,500,3338.97,200,1
112,500,4448.26,200,1
113,500,3845.76,200,1
114,500,5036.56,200,1
115,500,3860.88,200,1
116,500,4141.29,200,1
117,500,3578.67,200,1
118,500,3865.21,200,1
119,500,3865.62,200,1
120,500,3593.05,200,1
121,500,5041.49,200,1
122,500,3020.94,200,1
123,500,3583.73,200,1
124,500,4126.70,200,1
125,500,3600.34,200,1
126,500,3597.58,200,1
127,500,2989.23,200,1
128,500,5906.37,200,1
129,500,4151.40,200,1
130,500,3318.85,200,1
131,500,3881.68,200,1
132,500,3885.31,200,1
133,500,3594.46,200,1
134,500,3025.62,200,1
135,500,3324.63,200,1
136,500,3873.25,200,1
137,500,4435.43,200,1
138,500,4412.47,200,1
139,500,3016.80,200,1
140,500,3870.47,200,1
141,500,4758.06,200,1
142,500,4411.96,200,1
143,500,4129.28,200,1
144,500,4126.00,200,1
145,500,4146.77,200,1
146,500,4745.80,200,1
147,500,4424.17,200,1
148,500,6194.46,200,1
149,500,4764.26,200,1
150,500,4142.20,200,1
151,500,5938.08,200,1
152,500,4397.93,200,1
153,500,5335.36,200,1
154,500,5305.12,200,1
155,500,4765.06,200,1
156,500,4775.62,200,1
157,500,5675.88,200,1
158,500,6196.60,200,1
159,500,4758.47,200,1
160,500,5662.68,200,1
161,500,4773.60,200,1
162,500,5063.14,200,1
163,500,5655.65,200,1
164,500,4767.57,200,1
165,500,5049.86,200,1
166,500,5052.40,200,1
167,500,5022.59,200,1
168,500,5036.54,200,1
169,500,5043.49,200,1
170,500,5011.41,200,1
171,500,5314.17,200,1
172,500,5325.52,200,1
173,500,4777.22,200,1
174,500,6178.20,200,1
175,500,5327.43,200,1
176,500,5643.73,200,1
177,500,5919.93,200,1
178,500,5327.34,200,1
179,500,5936.95,200,1
180,500,4450.66,200,1
181,500,6466.31,200,1
182,500,5654.96,200,1
183,500,5344.64,200,1
184,500,5909.91,200,1
185,500,5670.19,200,1
186,500,5326.59,200,1
187,500,9260.86,200,1
188,500,5662.12,200,1
189,500,6469.86,200,1
190,500,5333.93,200,1
191,500,5653.57,200,1
192,500,5661.38,200,1
193,500,5905.52,200,1
194,500,5914.66,200,1
195,500,7271.45,200,1
196,500,9217.64,200,1
197,500,8385.74,200,1
198,500,6198.41,200,1
199,500,6477.77,200,1
200,500,5672.51,200,1
201,500,5919.34,200,1
202,500,6459.24,200,1
203,500,6758.91,200,1
204,500,5928.12,200,1
205,500,6182.36,200,1
206,500,4745.42,200,1
207,500,6175.31,200,1
208,500,6991.06,200,1
209,500,6194.17,200,1
210,500,6166.16,200,1
211,500,7012.82,200,1
212,500,6194.00,200,1
213,500,7883.51,200,1
214,500,6471.29,200,1
215,500,6737.69,200,1
216,500,6446.87,200,1
217,500,6746.18,200,1
218,500,6451.61,200,1
219,500,6191.24,200,1
220,500,6778.56,200,1
221,500,6780.05,200,1
222,500,6770.10,200,1
223,500,7287.59,200,1
224,500,6754.58,200,1
225,500,7239.38,200,1
226,500,6475.34,200,1
227,500,6764.03,200,1
228,500,6772.07,200,1
229,500,6989.71,200,1
230,500,6473.13,200,1
231,500,7822.92,200,1
232,500,7544.11,200,1
233,500,7029.59,200,1
234,500,7037.04,200,1
235,500,7295.73,200,1
236,500,7008.56,200,1
237,500,7020.16,200,1
238,500,121.78,EXCEPTION,0
239,500,7251.42,200,1
240,500,113.88,EXCEPTION,0
241,500,6996.82,200,1
242,500,7265.00,200,1
243,500,7014.55,200,1
244,500,7277.97,200,1
245,500,7834.40,200,1
246,500,7239.53,200,1
247,500,120.89,EXCEPTION,0
248,500,7017.59,200,1
249,500,7271.34,200,1
250,500,7561.19,200,1
251,500,7553.83,200,1
252,500,7526.36,200,1
253,500,7819.50,200,1
254,500,7549.51,200,1
255,500,7514.72,200,1
256,500,7512.41,200,1
257,500,159.02,EXCEPTION,0
258,500,7576.91,200,1
259,500,179.42,EXCEPTION,0
260,500,7268.42,200,1
261,500,147.44,EXCEPTION,0
262,500,112.18,EXCEPTION,0
263,500,7568.20,200,1
264,500,85.04,EXCEPTION,0
265,500,7545.02,200,1
266,500,110.69,EXCEPTION,0
267,500,111.08,EXCEPTION,0
268,500,111.36,EXCEPTION,0
269,500,111.19,EXCEPTION,0
270,500,90.14,EXCEPTION,0
271,500,92.46,EXCEPTION,0
272,500,108.68,EXCEPTION,0
273,500,119.89,EXCEPTION,0
274,500,91.96,EXCEPTION,0
275,500,108.08,EXCEPTION,0
276,500,154.05,EXCEPTION,0
277,500,109.52,EXCEPTION,0
278,500,91.92,EXCEPTION,0
279,500,92.25,EXCEPTION,0
280,500,107.62,EXCEPTION,0
281,500,108.08,EXCEPTION,0
282,500,115.61,EXCEPTION,0
283,500,117.69,EXCEPTION,0
284,500,116.11,EXCEPTION,0
285,500,256.49,EXCEPTION,0
286,500,115.50,EXCEPTION,0
287,500,116.35,EXCEPTION,0
288,500,167.89,EXCEPTION,0
289,500,256.34,EXCEPTION,0
290,500,91.59,EXCEPTION,0
291,500,90.99,EXCEPTION,0
292,500,91.63,EXCEPTION,0
293,500,106.89,EXCEPTION,0
294,500,117.80,EXCEPTION,0
295,500,108.22,EXCEPTION,0
296,500,118.07,EXCEPTION,0
297,500,255.77,EXCEPTION,0
298,500,256.20,EXCEPTION,0
299,500,117.70,EXCEPTION,0
300,500,142.53,EXCEPTION,0
301,500,90.79,EXCEPTION,0
302,500,147.26,EXCEPTION,0
303,500,224.78,EXCEPTION,0
304,500,144.85,EXCEPTION,0
305,500,184.96,EXCEPTION,0
306,500,143.51,EXCEPTION,0
307,500,145.43,EXCEPTION,0
308,500,86.00,EXCEPTION,0
309,500,216.36,EXCEPTION,0
310,500,113.36,EXCEPTION,0
311,500,89.24,EXCEPTION,0
312,500,195.90,EXCEPTION,0
313,500,106.55,EXCEPTION,0
314,500,115.64,EXCEPTION,0
315,500,104.70,EXCEPTION,0
316,500,143.07,EXCEPTION,0
317,500,105.93,EXCEPTION,0
318,500,178.62,EXCEPTION,0
319,500,88.06,EXCEPTION,0
320,500,106.69,EXCEPTION,0
321,500,145.48,EXCEPTION,0
322,500,87.79,EXCEPTION,0
323,500,143.36,EXCEPTION,0
324,500,141.60,EXCEPTION,0
325,500,217.66,EXCEPTION,0
326,500,112.92,EXCEPTION,0
327,500,111.58,EXCEPTION,0
328,500,112.75,EXCEPTION,0
329,500,114.70,EXCEPTION,0
330,500,82.69,EXCEPTION,0
331,500,11893.22,200,1
332,500,104.08,EXCEPTION,0
333,500,88.33,EXCEPTION,0
334,500,219.80,EXCEPTION,0
335,500,87.16,EXCEPTION,0
336,500,213.72,EXCEPTION,0
337,500,87.28,EXCEPTION,0
338,500,140.35,EXCEPTION,0
339,500,110.76,EXCEPTION,0
340,500,112.53,EXCEPTION,0
341,500,87.10,EXCEPTION,0
342,500,251.90,EXCEPTION,0
343,500,178.31,EXCEPTION,0
344,500,186.11,EXCEPTION,0
345,500,176.24,EXCEPTION,0
346,500,179.42,EXCEPTION,0
347,500,176.54,EXCEPTION,0
348,500,178.29,EXCEPTION,0
349,500,103.37,EXCEPTION,0
350,500,210.09,EXCEPTION,0
351,500,205.62,EXCEPTION,0
352,500,175.92,EXCEPTION,0
353,500,171.29,EXCEPTION,0
354,500,191.89,EXCEPTION,0
355,500,198.45,EXCEPTION,0
356,500,171.00,EXCEPTION,0
357,500,178.86,EXCEPTION,0
358,500,158.96,EXCEPTION,0
359,500,159.67,EXCEPTION,0
360,500,205.19,EXCEPTION,0
361,500,161.49,EXCEPTION,0
362,500,9522.09,200,1
363,500,191.07,EXCEPTION,0
364,500,178.75,EXCEPTION,0
365,500,190.62,EXCEPTION,0
366,500,175.89,EXCEPTION,0
367,500,14036.30,200,1
368,500,178.40,EXCEPTION,0
369,500,146.43,EXCEPTION,0
370,500,164.86,EXCEPTION,0
371,500,158.83,EXCEPTION,0
372,500,139.42,EXCEPTION,0
373,500,163.52,EXCEPTION,0
374,500,178.29,EXCEPTION,0
375,500,145.45,EXCEPTION,0
376,500,206.55,EXCEPTION,0
377,500,167.37,EXCEPTION,0
378,500,167.56,EXCEPTION,0
379,500,173.32,EXCEPTION,0
380,500,167.46,EXCEPTION,0
381,500,168.87,EXCEPTION,0
382,500,177.53,EXCEPTION,0
383,500,248.42,EXCEPTION,0
384,500,164.71,EXCEPTION,0
385,500,9415.00,200,1
386,500,174.05,EXCEPTION,0
387,500,146.53,EXCEPTION,0
388,500,202.07,EXCEPTION,0
389,500,158.21,EXCEPTION,0
390,500,175.50,EXCEPTION,0
391,500,164.36,EXCEPTION,0
392,500,202.13,EXCEPTION,0
393,500,9488.55,200,1
394,500,171.90,EXCEPTION,0
395,500,144.98,EXCEPTION,0
396,500,10598.88,200,1
397,500,162.03,EXCEPTION,0
398,500,175.98,EXCEPTION,0
399,500,8383.69,200,1
400,500,145.65,EXCEPTION,0
401,500,8377.55,200,1
402,500,161.87,EXCEPTION,0
403,500,14375.24,200,1
404,500,9742.33,200,1
405,500,8877.76,200,1
406,500,9698.55,200,1
407,500,9418.96,200,1
408,500,7884.21,200,1
409,500,7848.82,200,1
410,500,8153.72,200,1
411,500,8335.76,200,1
412,500,7837.95,200,1
413,500,7854.43,200,1
414,500,8128.10,200,1
415,500,8413.31,200,1
416,500,8344.64,200,1
417,500,10020.06,200,1
418,500,11677.37,200,1
419,500,9983.55,200,1
420,500,8115.65,200,1
421,500,7838.18,200,1
422,500,8629.85,200,1
423,500,9748.19,200,1
424,500,8591.64,200,1
425,500,9141.09,200,1
426,500,8377.00,200,1
427,500,8091.67,200,1
428,500,8114.94,200,1
429,500,8900.87,200,1
430,500,8117.27,200,1
431,500,8643.34,200,1
432,500,8121.27,200,1
433,500,8599.23,200,1
434,500,8688.23,200,1
435,500,8616.12,200,1
436,500,8388.01,200,1
437,500,9426.98,200,1
438,500,8106.46,200,1
439,500,8587.39,200,1
440,500,8333.73,200,1
441,500,8080.26,200,1
442,500,8637.09,200,1
443,500,8659.50,200,1
444,500,8636.82,200,1
445,500,8079.15,200,1
446,500,9130.18,200,1
447,500,8378.22,200,1
448,500,8879.38,200,1
449,500,8882.40,200,1
450,500,15994.05,200,1
451,500,11705.71,200,1
452,500,11132.64,200,1
453,500,8906.45,200,1
454,500,8943.71,200,1
455,500,9214.21,200,1
456,500,14319.09,200,1
457,500,14316.36,200,1
458,500,8915.94,200,1
459,500,9166.03,200,1
460,500,14332.38,200,1
461,500,9175.68,200,1
462,500,8917.16,200,1
463,500,9708.90,200,1
464,500,14539.25,200,1
465,500,8957.41,200,1
466,500,14327.86,200,1
467,500,9148.89,200,1
468,500,9184.56,200,1
469,500,9955.46,200,1
470,500,8924.91,200,1
471,500,11349.95,200,1
472,500,10563.24,200,1
473,500,11119.80,200,1
474,500,9756.06,200,1
475,500,10197.30,200,1
476,500,9467.53,200,1
477,500,13024.36,200,1
478,500,14574.52,200,1
479,500,9997.59,200,1
480,500,9458.32,200,1
481,500,10298.52,200,1
482,500,9681.85,200,1
483,500,14406.39,200,1
484,500,10001.94,200,1
485,500,9431.02,200,1
486,500,9984.94,200,1
487,500,10254.93,200,1
488,500,9188.83,200,1
489,500,9942.65,200,1
490,500,9710.68,200,1
491,500,10512.49,200,1
492,500,9723.05,200,1
493,500,9448.72,200,1
494,500,9745.02,200,1
495,500,9482.01,200,1
496,500,9773.44,200,1
497,500,13084.44,200,1
498,500,10904.47,200,1
499,500,9973.54,200,1
500,500,10187.13,200,1
501,500,10719.27,200,1
502,500,10471.61,200,1
503,500,10824.68,200,1
504,500,10192.79,200,1
505,500,10536.70,200,1
506,500,12101.86,200,1
507,500,10142.48,200,1
508,500,11608.56,200,1
509,500,10481.22,200,1
510,500,11015.27,200,1
511,500,9932.20,200,1
512,500,10473.02,200,1
513,500,9959.83,200,1
514,500,14495.50,200,1
515,500,12721.11,200,1
516,500,10221.06,200,1
517,500,10231.71,200,1
518,500,10207.86,200,1
519,500,10725.83,200,1
520,500,13667.50,200,1
521,500,10498.44,200,1
522,500,10750.58,200,1
523,500,10800.48,200,1
524,500,11359.18,200,1
525,500,10506.30,200,1
526,500,11074.34,200,1
527,500,10425.80,200,1
528,500,10237.13,200,1
529,500,10757.60,200,1
530,500,10769.64,200,1
531,500,10760.75,200,1
532,500,13297.06,200,1
533,500,13304.86,200,1
534,500,10799.82,200,1
535,500,11085.28,200,1
536,500,12607.59,200,1
537,500,11253.70,200,1
538,500,11030.94,200,1
539,500,11296.29,200,1
540,500,11802.06,200,1
541,500,13705.02,200,1
542,500,11072.89,200,1
543,500,11295.54,200,1
544,500,11037.67,200,1
545,500,12569.23,200,1
546,500,11327.06,200,1
547,500,12368.94,200,1
548,500,11086.57,200,1
549,500,11301.86,200,1
550,500,11294.13,200,1
551,500,11536.78,200,1
552,500,13303.20,200,1
553,500,13632.87,200,1
554,500,12084.51,200,1
555,500,11851.39,200,1
556,500,11334.28,200,1
557,500,11520.07,200,1
558,500,11765.15,200,1
559,500,11719.72,200,1
560,500,13929.52,200,1
561,500,12046.08,200,1
562,500,11472.30,200,1
563,500,11471.34,200,1
564,500,11522.15,200,1
565,500,12567.93,200,1
566,500,11322.27,200,1
567,500,12383.20,200,1
568,500,11502.91,200,1
569,500,11569.98,200,1
570,500,12108.88,200,1
571,500,12060.94,200,1
572,500,13224.57,200,1
573,500,13352.18,200,1
574,500,13929.80,200,1
575,500,11742.77,200,1
576,500,12578.25,200,1
577,500,11702.97,200,1
578,500,11789.73,200,1
579,500,13696.78,200,1
580,500,12268.68,200,1
581,500,12931.45,200,1
582,500,12063.42,200,1
583,500,11983.15,200,1
584,500,12329.94,200,1
585,500,12911.20,200,1
586,500,11769.66,200,1
587,500,13297.51,200,1
588,500,11792.26,200,1
589,500,11974.94,200,1
590,500,12353.06,200,1
591,500,13297.47,200,1
592,500,12909.51,200,1
593,500,13278.36,200,1
594,500,13908.24,200,1
595,500,12073.63,200,1
596,500,12292.51,200,1
597,500,12285.03,200,1
598,500,12085.06,200,1
599,500,13882.84,200,1
600,500,12855.26,200,1
601,500,12608.42,200,1
602,500,12956.22,200,1
603,500,12357.88,200,1
604,500,12539.50,200,1
605,500,14210.16,200,1
606,500,12249.24,200,1
607,500,13534.26,200,1
608,500,12573.63,200,1
609,500,12278.28,200,1
610,500,12500.51,200,1
611,500,12608.17,200,1
612,500,13226.13,200,1
613,500,13851.74,200,1
614,500,13523.27,200,1
615,500,13178.85,200,1
616,500,12979.34,200,1
617,500,12955.92,200,1
618,500,12991.80,200,1
619,500,13930.75,200,1
620,500,13599.02,200,1
621,500,13616.46,200,1
622,500,13542.40,200,1
623,500,13556.10,200,1
624,500,13907.25,200,1
625,500,13915.39,200,1
626,500,13952.37,200,1
627,500,14088.24,200,1
628,500,14091.88,200,1
629,500,14170.75,200,1
630,500,14344.24,200,1
631,500,14341.43,200,1
632,500,14427.68,200,1
633,500,14346.12,200,1
634,500,14390.86,200,1
635,500,14405.20,200,1
636,500,14396.28,200,1
637,500,14324.50,200,1
638,500,14319.56,200,1
639,500,14350.02,200,1
640,500,14347.40,200,1
641,500,19297.09,200,1
642,500,14401.15,200,1
643,500,14357.13,200,1
644,500,14436.44,200,1
645,500,14408.06,200,1
646,500,14402.69,200,1
647,500,14395.83,200,1
648,500,14400.96,200,1
649,500,14424.82,200,1
650,500,14419.03,200,1
651,500,14475.26,200,1
652,500,14439.21,200,1
653,500,14431.05,200,1
654,500,14487.13,200,1
655,500,14488.65,200,1
656,500,14515.08,200,1
657,500,14341.16,200,1
658,500,14334.36,200,1
659,500,14344.55,200,1
660,500,14359.42,200,1
661,500,14344.16,200,1
662,500,14416.88,200,1
663,500,14356.99,200,1
664,500,14400.87,200,1
665,500,14417.09,200,1
666,500,14459.73,200,1
667,500,14313.73,200,1
668,500,14306.48,200,1
669,500,14308.81,200,1
670,500,14310.73,200,1
671,500,14328.22,200,1
672,500,14323.01,200,1
673,500,14364.90,200,1
674,500,14351.75,200,1
675,500,14391.71,200,1
676,500,14362.42,200,1
677,500,14274.49,200,1
678,500,9370.67,200,1
679,500,14269.28,200,1
680,500,14272.18,200,1
681,500,14285.38,200,1
682,500,14286.74,200,1
683,500,14329.81,200,1
684,500,14316.21,200,1
685,500,14328.93,200,1
686,500,14334.82,200,1
687,500,14169.42,200,1
688,500,14174.47,200,1
689,500,14164.87,200,1
690,500,14161.87,200,1
691,500,14221.35,200,1
692,500,14179.51,200,1
693,500,14184.06,200,1
694,500,14227.16,200,1
695,500,14220.52,200,1
696,500,14234.38,200,1
697,500,14115.85,200,1
698,500,14111.97,200,1
699,500,14106.55,200,1
700,500,14105.58,200,1
701,500,14128.09,200,1
702,500,14131.95,200,1
703,500,14167.92,200,1
704,500,14169.09,200,1
705,500,14172.12,200,1
706,500,14191.35,200,1
707,500,14098.31,200,1
708,500,14097.85,200,1
709,500,14090.15,200,1
710,500,14087.95,200,1
711,500,14111.79,200,1
712,500,14112.13,200,1
713,500,14155.43,200,1
714,500,14157.66,200,1
715,500,14163.79,200,1
716,500,14177.88,200,1
717,500,14065.79,200,1
718,500,14063.60,200,1
719,500,14059.77,200,1
720,500,14052.56,200,1
721,500,14077.52,200,1
722,500,14090.46,200,1
723,500,14133.12,200,1
724,500,14141.05,200,1
725,500,14150.73,200,1
726,500,14182.65,200,1
727,500,14097.93,200,1
728,500,14101.23,200,1
729,500,14090.54,200,1
730,500,14096.35,200,1
731,500,14114.42,200,1
732,500,14133.13,200,1
733,500,14173.75,200,1
734,500,14175.87,200,1
735,500,14178.51,200,1
736,500,14190.53,200,1
737,500,14134.60,200,1
738,500,14116.91,200,1
739,500,14116.44,200,1
740,500,14121.45,200,1
741,500,14144.25,200,1
742,500,14168.49,200,1
743,500,14219.30,200,1
744,500,14227.36,200,1
745,500,14241.91,200,1
746,500,14247.52,200,1
747,500,14183.27,200,1
748,500,14175.58,200,1
749,500,14164.02,200,1
750,500,14186.49,200,1
751,500,14200.20,200,1
752,500,14212.60,200,1
753,500,14261.72,200,1
754,500,14267.04,200,1
755,500,14248.03,200,1
756,500,14269.72,200,1
757,500,14226.50,200,1
758,500,14204.34,200,1
759,500,14211.17,200,1
760,500,14224.14,200,1
761,500,14242.89,200,1
762,500,14245.83,200,1
763,500,14295.05,200,1
764,500,14286.09,200,1
765,500,14289.75,200,1
766,500,14308.32,200,1
767,500,14253.10,200,1
768,500,14229.28,200,1
769,500,14229.78,200,1
770,500,14232.12,200,1
771,500,14250.20,200,1
772,500,14244.03,200,1
773,500,14281.72,200,1
774,500,14278.26,200,1
775,500,14272.37,200,1
776,500,14277.49,200,1
777,500,14144.94,200,1
778,500,14138.78,200,1
779,500,14137.70,200,1
780,500,14152.55,200,1
781,500,14161.88,200,1
782,500,14166.70,200,1
783,500,14208.33,200,1
784,500,14196.81,200,1
785,500,14202.75,200,1
786,500,14212.93,200,1
787,500,14127.50,200,1
788,500,14119.14,200,1
789,500,14120.81,200,1
790,500,14127.15,200,1
791,500,14141.77,200,1
792,500,14137.04,200,1
793,500,14178.76,200,1
794,500,14184.43,200,1
795,500,14176.35,200,1
796,500,14186.21,200,1
797,500,14143.80,200,1
798,500,14135.84,200,1
799,500,14135.53,200,1
800,500,14146.56,200,1
801,500,14207.33,200,1
802,500,14167.56,200,1
803,500,14164.26,200,1
804,500,14211.73,200,1
805,500,14210.26,200,1
806,500,14212.25,200,1
807,500,14068.86,200,1
808,500,14064.06,200,1
809,500,14073.22,200,1
810,500,14090.11,200,1
811,500,14098.80,200,1
812,500,9214.79,200,1
813,500,14104.55,200,1
814,500,14138.83,200,1
815,500,14146.70,200,1
816,500,14156.60,200,1
817,500,14099.16,200,1
818,500,14092.99,200,1
819,500,14101.93,200,1
820,500,14107.32,200,1
821,500,14118.34,200,1
822,500,14139.06,200,1
823,500,14160.03,200,1
824,500,14163.54,200,1
825,500,14161.06,200,1
826,500,14164.12,200,1
827,500,14077.14,200,1
828,500,14068.33,200,1
829,500,14079.06,200,1
830,500,14087.51,200,1
831,500,14088.28,200,1
832,500,14113.20,200,1
833,500,14151.85,200,1
834,500,14157.95,200,1
835,500,14159.83,200,1
836,500,14160.82,200,1
837,500,14080.93,200,1
838,500,14072.78,200,1
839,500,14085.35,200,1
840,500,14097.31,200,1
841,500,14096.07,200,1
842,500,14113.21,200,1
843,500,14147.13,200,1
844,500,14153.80,200,1
845,500,14160.41,200,1
846,500,14154.20,200,1
847,500,14046.90,200,1
848,500,14049.74,200,1
849,500,14060.10,200,1
850,500,14067.33,200,1
851,500,14068.60,200,1
852,500,14091.87,200,1
853,500,14112.76,200,1
854,500,14125.95,200,1
855,500,14118.86,200,1
856,500,14122.70,200,1
857,500,14060.31,200,1
858,500,14065.14,200,1
859,500,14076.76,200,1
860,500,14079.00,200,1
861,500,14084.49,200,1
862,500,14110.05,200,1
863,500,14134.43,200,1
864,500,14147.55,200,1
865,500,14136.51,200,1
866,500,14135.50,200,1
867,500,14078.25,200,1
868,500,14078.19,200,1
869,500,14084.75,200,1
870,500,14087.92,200,1
871,500,14089.94,200,1
872,500,14119.32,200,1
873,500,14147.63,200,1
874,500,14179.68,200,1
875,500,14155.22,200,1
876,500,14166.70,200,1
877,500,14093.33,200,1
878,500,14092.19,200,1
879,500,14087.10,200,1
880,500,14088.62,200,1
881,500,14089.77,200,1
882,500,14119.07,200,1
883,500,14145.45,200,1
884,500,14153.48,200,1
885,500,14155.54,200,1
886,500,14150.04,200,1
887,500,14049.02,200,1
888,500,14048.39,200,1
889,500,14045.06,200,1
890,500,14045.64,200,1
891,500,14046.01,200,1
892,500,14071.74,200,1
893,500,14100.76,200,1
894,500,14102.66,200,1
895,500,14097.34,200,1
896,500,14081.21,200,1
897,500,14025.61,200,1
898,500,14023.92,200,1
899,500,14020.83,200,1
900,500,14027.94,200,1
901,500,14018.63,200,1
902,500,14053.01,200,1
903,500,14088.21,200,1
904,500,14087.57,200,1
905,500,14096.05,200,1
906,500,14073.10,200,1
907,500,14036.69,200,1
908,500,22538.61,200,1
909,500,14034.92,200,1
910,500,14031.17,200,1
911,500,14024.06,200,1
912,500,14056.38,200,1
913,500,14091.36,200,1
914,500,14099.26,200,1
915,500,14094.74,200,1
916,500,14080.05,200,1
917,500,14040.09,200,1
918,500,14035.39,200,1
919,500,14044.94,200,1
920,500,14037.64,200,1
921,500,14026.89,200,1
922,500,14105.81,200,1
923,500,14073.06,200,1
924,500,14106.70,200,1
925,500,14096.08,200,1
926,500,14072.52,200,1
927,500,14042.85,200,1
928,500,14027.31,200,1
929,500,14050.36,200,1
930,500,14046.60,200,1
931,500,14042.11,200,1
932,500,14083.42,200,1
933,500,14118.88,200,1
934,500,14111.96,200,1
935,500,14109.60,200,1
936,500,14101.86,200,1
937,500,14113.69,200,1
938,500,14110.23,200,1
939,500,14105.91,200,1
940,500,14093.44,200,1
941,500,14087.36,200,1
942,500,14123.42,200,1
943,500,14150.32,200,1
944,500,14147.90,200,1
945,500,14132.40,200,1
946,500,14124.51,200,1
947,500,14101.31,200,1
948,500,14099.51,200,1
949,500,14093.75,200,1
950,500,14092.39,200,1
951,500,14084.33,200,1
952,500,14126.84,200,1
953,500,14152.44,200,1
954,500,14137.50,200,1
955,500,14141.44,200,1
956,500,14124.58,200,1
957,500,14093.52,200,1
958,500,14089.91,200,1
959,500,14077.68,200,1
960,500,14073.00,200,1
961,500,14070.96,200,1
962,500,14106.25,200,1
963,500,14126.08,200,1
964,500,14124.80,200,1
965,500,14121.14,200,1
966,500,14112.67,200,1
967,500,14088.52,200,1
968,500,14086.27,200,1
969,500,14069.90,200,1
970,500,14069.38,200,1
971,500,14071.37,200,1
972,500,14099.22,200,1
973,500,14129.89,200,1
974,500,14128.01,200,1
975,500,14136.28,200,1
976,500,14124.22,200,1
977,500,14102.70,200,1
978,500,14082.38,200,1
979,500,14048.27,200,1
980,500,14046.64,200,1
981,500,14051.45,200,1
982,500,14077.46,200,1
983,500,14096.79,200,1
984,500,14088.94,200,1
985,500,14093.44,200,1
986,500,14079.89,200,1
987,500,14039.91,200,1
988,500,14040.25,200,1
989,500,14009.89,200,1
990,500,14014.09,200,1
991,500,14015.50,200,1
992,500,14050.03,200,1
993,500,14059.77,200,1
994,500,14059.84,200,1
995,500,14061.26,200,1
996,500,14050.58,200,1
997,500,14490.59,200,1
998,500,14965.43,200,1
999,500,14939.80,200,1
1000,500,14931.41,200,1
1001,500,14927.78,200,1
1002,500,14919.61,200,1
1003,500,14891.10,200,1
1004,500,14888.92,200,1
1005,500,14881.22,200,1
1006,500,14872.60,200,1
1007,500,14698.03,200,1
1008,500,15792.95,200,1
1009,500,15747.12,200,1
1010,500,15748.16,200,1
1011,500,15752.14,200,1
1012,500,15741.58,200,1
1013,500,15713.39,200,1
1014,500,22016.06,200,1
1015,500,15699.26,200,1
1016,500,15690.28,200,1
1017,500,16053.72,200,1
1018,500,16067.46,200,1
1019,500,16024.13,200,1
1020,500,16023.72,200,1
1021,500,16024.57,200,1
1022,500,16016.93,200,1
1023,500,15991.78,200,1
1024,500,15984.88,200,1
1025,500,15970.96,200,1
1026,500,15966.58,200,1
1027,500,16352.04,200,1
1028,500,16358.92,200,1
1029,500,16325.14,200,1
1030,500,16321.70,200,1
1031,500,16311.93,200,1
1032,500,16308.04,200,1
1033,500,16284.85,200,1
1034,500,22073.84,200,1
1035,500,16836.79,200,1
1036,500,16253.55,200,1
1037,500,17227.51,200,1
1038,500,17214.09,200,1
1039,500,17195.05,200,1
1040,500,17191.16,200,1
1041,500,17182.02,200,1
1042,500,22127.64,200,1
1043,500,17149.08,200,1
1044,500,22081.75,200,1
1045,500,17124.37,200,1
1046,500,17121.93,200,1
1047,500,17319.05,200,1
1048,500,17318.37,200,1
1049,500,17272.49,200,1
1050,500,17275.41,200,1
1051,500,17266.49,200,1
1052,500,17255.07,200,1
1053,500,17236.11,200,1
1054,500,22022.76,200,1
1055,500,17207.40,200,1
1056,500,22046.29,200,1
1057,500,17337.67,200,1
1058,500,17339.83,200,1
1059,500,17312.61,200,1
1060,500,17310.96,200,1
1061,500,17302.57,200,1
1062,500,17288.97,200,1
1063,500,22092.44,200,1
1064,500,17248.74,200,1
1065,500,17249.37,200,1
1066,500,17239.57,200,1
1067,500,17354.17,200,1
1068,500,17356.40,200,1
1069,500,17334.85,200,1
1070,500,17329.73,200,1
1071,500,17321.00,200,1
1072,500,17303.26,200,1
1073,500,22101.12,200,1
1074,500,17258.27,200,1
1075,500,17267.89,200,1
1076,500,17231.52,200,1
1077,500,17326.29,200,1
1078,500,17321.99,200,1
1079,500,17286.14,200,1
1080,500,17286.83,200,1
1081,500,17269.95,200,1
1082,500,17255.95,200,1
1083,500,17237.49,200,1
1084,500,17215.89,200,1
1085,500,17189.02,200,1
1086,500,17188.97,200,1
1087,500,17253.03,200,1
1088,500,17249.32,200,1
1089,500,17223.18,200,1
1090,500,17221.99,200,1
1091,500,17218.13,200,1
1092,500,17210.95,200,1
1093,500,17180.45,200,1
1094,500,17163.15,200,1
1095,500,17161.50,200,1
1096,500,17134.25,200,1
1097,500,8670.84,200,1
1098,500,17170.84,200,1
1099,500,17134.86,200,1
1100,500,17144.54,200,1
1101,500,17130.41,200,1
1102,500,17129.89,200,1
1103,500,17085.54,200,1
1104,500,17078.11,200,1
1105,500,17072.46,200,1
1106,500,17040.40,200,1
1107,500,17125.62,200,1
1108,500,17125.06,200,1
1109,500,17106.70,200,1
1110,500,17096.80,200,1
1111,500,17091.10,200,1
1112,500,17085.78,200,1
1113,500,17049.19,200,1
1114,500,17040.26,200,1
1115,500,17043.62,200,1
1116,500,17012.54,200,1
1117,500,17156.46,200,1
1118,500,17162.06,200,1
1119,500,17148.59,200,1
1120,500,17145.92,200,1
1121,500,17133.37,200,1
1122,500,17132.31,200,1
1123,500,17096.65,200,1
1124,500,17087.76,200,1
1125,500,17087.60,200,1
1126,500,17055.52,200,1
1127,500,17175.69,200,1
1128,500,17173.65,200,1
1129,500,17158.06,200,1
1130,500,17168.47,200,1
1131,500,17167.63,200,1
1132,500,17174.16,200,1
1133,500,17120.09,200,1
1134,500,17111.06,200,1
1135,500,17100.61,200,1
1136,500,17072.54,200,1
1137,500,17190.34,200,1
1138,500,17215.30,200,1
1139,500,17196.65,200,1
1140,500,17187.94,200,1
1141,500,17178.20,200,1
1142,500,22003.96,200,1
1143,500,17131.23,200,1
1144,500,17132.70,200,1
1145,500,17121.42,200,1
1146,500,17112.42,200,1
1147,500,17139.29,200,1
1148,500,17163.86,200,1
1149,500,17144.93,200,1
1150,500,17133.91,200,1
1151,500,21908.19,200,1
1152,500,17112.30,200,1
1153,500,17078.46,200,1
1154,500,17061.63,200,1
1155,500,17067.44,200,1
1156,500,17049.24,200,1
1157,500,16899.74,200,1
1158,500,17117.50,200,1
1159,500,17127.54,200,1
1160,500,17130.89,200,1
1161,500,17113.34,200,1
1162,500,17112.97,200,1
1163,500,17069.00,200,1
1164,500,17059.30,200,1
1165,500,17052.39,200,1
1166,500,17034.23,200,1
1167,500,16880.61,200,1
1168,500,17086.19,200,1
1169,500,17113.46,200,1
1170,500,17098.67,200,1
1171,500,17094.90,200,1
1172,500,17095.13,200,1
1173,500,17058.72,200,1
1174,500,17047.71,200,1
1175,500,17045.78,200,1
1176,500,17045.01,200,1
1177,500,16902.28,200,1
1178,500,17158.28,200,1
1179,500,17219.82,200,1
1180,500,10870.79,200,1
1181,500,17172.29,200,1
1182,500,17184.89,200,1
1183,500,17144.80,200,1
1184,500,17137.83,200,1
1185,500,17133.15,200,1
1186,500,17127.56,200,1
1187,500,16996.08,200,1
1188,500,17175.93,200,1
1189,500,17201.07,200,1
1190,500,17196.04,200,1
1191,500,17197.63,200,1
1192,500,17190.98,200,1
1193,500,17158.76,200,1
1194,500,17155.14,200,1
1195,500,17149.04,200,1
1196,500,17165.44,200,1
1197,500,16992.09,200,1
1198,500,17209.59,200,1
1199,500,17232.89,200,1
1200,500,17228.15,200,1
1201,500,11432.71,200,1
1202,500,17227.70,200,1
1203,500,17187.46,200,1
1204,500,17177.45,200,1
1205,500,17184.77,200,1
1206,500,17180.01,200,1
1207,500,17022.90,200,1
1208,500,17225.11,200,1
1209,500,17241.94,200,1
1210,500,17267.74,200,1
1211,500,17217.86,200,1
1212,500,12297.12,200,1
1213,500,17203.63,200,1
1214,500,12248.34,200,1
1215,500,17183.35,200,1
1216,500,17178.82,200,1
1217,500,17021.25,200,1
1218,500,17214.51,200,1
1219,500,12424.28,200,1
1220,500,17266.78,200,1
1221,500,12394.39,200,1
1222,500,17224.91,200,1
1223,500,17171.25,200,1
1224,500,17158.31,200,1
1225,500,17144.24,200,1
1226,500,17088.52,200,1
1227,500,16945.48,200,1
1228,500,17149.92,200,1
1229,500,17171.82,200,1
1230,500,17166.59,200,1
1231,500,12352.26,200,1
1232,500,17150.66,200,1
1233,500,17100.43,200,1
1234,500,17113.96,200,1
1235,500,17106.20,200,1
1236,500,17097.77,200,1
1237,500,16943.35,200,1
1238,500,17124.58,200,1
1239,500,17156.80,200,1
1240,500,17144.10,200,1
1241,500,12329.80,200,1
1242,500,17110.63,200,1
1243,500,17050.31,200,1
1244,500,17057.75,200,1
1245,500,17049.14,200,1
1246,500,17035.59,200,1
1247,500,16876.87,200,1
1248,500,17082.18,200,1
1249,500,17113.09,200,1
1250,500,17101.56,200,1
1251,500,17091.94,200,1
1252,500,17083.34,200,1
1253,500,17048.58,200,1
1254,500,17041.73,200,1
1255,500,17037.81,200,1
1256,500,17029.08,200,1
1257,500,16865.15,200,1
1258,500,17075.98,200,1
1259,500,17111.55,200,1
1260,500,17101.02,200,1
1261,500,17069.41,200,1
1262,500,17079.06,200,1
1263,500,17039.77,200,1
1264,500,17039.04,200,1
1265,500,17037.72,200,1
1266,500,17023.36,200,1
1267,500,16862.01,200,1
1268,500,17053.15,200,1
1269,500,17086.04,200,1
1270,500,17079.38,200,1
1271,500,17057.99,200,1
1272,500,17066.74,200,1
1273,500,17037.14,200,1
1274,500,17032.71,200,1
1275,500,17033.04,200,1
1276,500,17029.11,200,1
1277,500,16872.09,200,1
1278,500,17058.89,200,1
1279,500,17080.29,200,1
1280,500,17070.08,200,1
1281,500,17060.96,200,1
1282,500,17095.40,200,1
1283,500,17022.89,200,1
1284,500,17036.53,200,1
1285,500,17041.37,200,1
1286,500,17035.22,200,1
1287,500,16888.81,200,1
1288,500,17096.47,200,1
1289,500,17105.24,200,1
1290,500,17106.52,200,1
1291,500,17101.67,200,1
1292,500,17088.20,200,1
1293,500,17071.38,200,1
1294,500,17072.32,200,1
1295,500,17070.67,200,1
1296,500,17059.94,200,1
1297,500,16859.09,200,1
1298,500,17075.96,200,1
1299,500,17092.74,200,1
1300,500,17088.74,200,1
1301,500,17114.79,200,1
1302,500,17112.75,200,1
1303,500,17023.74,200,1
1304,500,17057.16,200,1
1305,500,17049.38,200,1
1306,500,17046.05,200,1
1307,500,16863.64,200,1
1308,500,17104.93,200,1
1309,500,17104.97,200,1
1310,500,17103.06,200,1
1311,500,17084.28,200,1
1312,500,17087.50,200,1
1313,500,17066.03,200,1
1314,500,17058.52,200,1
1315,500,12260.77,200,1
1316,500,17065.24,200,1
1317,500,16894.66,200,1
1318,500,17094.93,200,1
1319,500,17095.32,200,1
1320,500,17103.40,200,1
1321,500,17091.48,200,1
1322,500,17082.69,200,1
1323,500,17064.54,200,1
1324,500,17058.00,200,1
1325,500,17066.42,200,1
1326,500,17069.68,200,1
1327,500,17122.18,200,1
1328,500,17125.03,200,1
1329,500,17145.81,200,1
1330,500,17120.89,200,1
1331,500,17117.76,200,1
1332,500,17101.88,200,1
1333,500,17068.41,200,1
1334,500,17067.69,200,1
1335,500,17081.29,200,1
1336,500,17300.23,200,1
1337,500,16912.08,200,1
1338,500,17123.94,200,1
1339,500,17133.02,200,1
1340,500,17111.76,200,1
1341,500,17120.37,200,1
1342,500,17104.53,200,1
1343,500,17080.72,200,1
1344,500,17062.38,200,1
1345,500,17075.77,200,1
1346,500,17074.93,200,1
1347,500,17151.85,200,1
1348,500,17158.99,200,1
1349,500,17151.80,200,1
1350,500,17133.74,200,1
1351,500,17138.46,200,1
1352,500,17111.29,200,1
1353,500,17096.24,200,1
1354,500,17092.68,200,1
1355,500,17099.18,200,1
1356,500,17104.90,200,1
1357,500,17156.48,200,1
1358,500,17164.28,200,1
1359,500,17154.01,200,1
1360,500,17141.87,200,1
1361,500,17144.28,200,1
1362,500,17112.11,200,1
1363,500,17097.04,200,1
1364,500,17099.54,200,1
1365,500,17092.56,200,1
1366,500,17104.35,200,1
1367,500,17143.71,200,1
1368,500,17151.08,200,1
1369,500,17142.51,200,1
1370,500,17132.34,200,1
1371,500,17133.76,200,1
1372,500,17103.09,200,1
1373,500,17094.24,200,1
1374,500,17078.25,200,1
1375,500,17067.05,200,1
1376,500,17072.49,200,1
1377,500,17128.97,200,1
1378,500,17138.12,200,1
1379,500,17133.44,200,1
1380,500,17130.10,200,1
1381,500,17127.82,200,1
1382,500,17097.59,200,1
1383,500,17087.07,200,1
1384,500,17069.92,200,1
1385,500,17070.62,200,1
1386,500,17076.86,200,1
1387,500,17129.50,200,1
1388,500,17137.69,200,1
1389,500,17132.56,200,1
1390,500,17135.25,200,1
1391,500,17128.14,200,1
1392,500,17111.19,200,1
1393,500,17082.03,200,1
1394,500,17075.33,200,1
1395,500,17083.11,200,1
1396,500,17094.56,200,1
1397,500,17147.91,200,1
1398,500,17156.95,200,1
1399,500,17153.37,200,1
1400,500,17144.89,200,1
1401,500,17156.15,200,1
1402,500,17126.41,200,1
1403,500,17096.65,200,1
1404,500,17095.96,200,1
1405,500,17099.36,200,1
1406,500,17102.94,200,1
1407,500,17144.50,200,1
1408,500,17154.63,200,1
1409,500,17153.67,200,1
1410,500,17163.60,200,1
1411,500,17141.61,200,1
1412,500,17121.29,200,1
1413,500,17097.17,200,1
1414,500,17098.64,200,1
1415,500,17102.53,200,1
1416,500,17104.08,200,1
1417,500,17156.10,200,1
1418,500,17175.38,200,1
1419,500,17164.49,200,1
1420,500,17151.32,200,1
1421,500,17176.35,200,1
1422,500,17117.70,200,1
1423,500,17098.43,200,1
1424,500,17097.59,200,1
1425,500,17113.09,200,1
1426,500,17128.13,200,1
1427,500,17157.08,200,1
1428,500,17169.97,200,1
1429,500,17144.35,200,1
1430,500,17142.23,200,1
1431,500,17150.34,200,1
1432,500,17107.03,200,1
1433,500,17084.45,200,1
1434,500,17088.70,200,1
1435,500,17076.24,200,1
1436,500,17082.94,200,1
1437,500,17083.48,200,1
1438,500,17089.22,200,1
1439,500,17084.12,200,1
1440,500,17083.34,200,1
1441,500,17095.03,200,1
1442,500,17049.44,200,1
1443,500,17049.63,200,1
1444,500,17044.38,200,1
1445,500,17043.24,200,1
1446,500,17042.89,200,1
1447,500,17077.17,200,1
1448,500,17083.76,200,1
1449,500,17079.07,200,1
1450,500,17075.06,200,1
1451,500,17072.48,200,1
1452,500,17027.15,200,1
1453,500,17035.70,200,1
1454,500,17039.38,200,1
1455,500,17032.67,200,1
1456,500,17027.64,200,1
1457,500,17086.87,200,1
1458,500,17085.19,200,1
1459,500,17084.94,200,1
1460,500,17088.07,200,1
1461,500,17081.37,200,1
1462,500,17044.15,200,1
1463,500,17058.97,200,1
1464,500,17057.92,200,1
1465,500,17053.86,200,1
1466,500,17226.53,200,1
1467,500,16898.96,200,1
1468,500,17085.33,200,1
1469,500,17075.27,200,1
1470,500,17077.64,200,1
1471,500,17081.84,200,1
1472,500,17037.08,200,1
1473,500,17045.67,200,1
1474,500,17046.73,200,1
1475,500,17035.78,200,1
1476,500,17024.96,200,1
1477,500,17085.32,200,1
1478,500,17092.37,200,1
1479,500,17082.72,200,1
1480,500,17084.49,200,1
1481,500,17079.70,200,1
1482,500,17046.21,200,1
1483,500,17059.46,200,1
1484,500,17056.00,200,1
1485,500,17048.42,200,1
1486,500,17042.74,200,1
1487,500,17093.80,200,1
1488,500,17094.62,200,1
1489,500,17094.61,200,1
1490,500,17092.70,200,1
1491,500,17090.28,200,1
1492,500,17053.98,200,1
1493,500,17054.93,200,1
1494,500,17060.13,200,1
1495,500,17048.06,200,1
1496,500,17051.18,200,1
1497,500,16627.43,200,1
1498,500,16148.46,200,1
1499,500,16138.38,200,1
1500,500,16144.19,200,1
1501,500,16134.77,200,1
1502,500,16154.73,200,1
1503,500,16196.21,200,1
1504,500,16194.09,200,1
1505,500,16201.02,200,1
1506,500,16202.66,200,1
1507,500,16392.29,200,1
1508,500,15312.64,200,1
1509,500,15323.03,200,1
1510,500,15368.98,200,1
1511,500,15308.18,200,1
1512,500,15320.95,200,1
1513,500,15372.04,200,1
1514,500,15383.03,200,1
1515,500,15579.16,200,1
1516,500,15380.25,200,1
1517,500,15063.32,200,1
1518,500,15061.25,200,1
1519,500,15099.81,200,1
1520,500,15042.66,200,1
1521,500,15064.29,200,1
1522,500,15047.23,200,1
1523,500,15111.91,200,1
1524,500,15100.66,200,1
1525,500,15112.57,200,1
1526,500,15293.58,200,1
1527,500,14767.38,200,1
1528,500,14763.26,200,1
1529,500,14765.11,200,1
1530,500,14777.00,200,1
1531,500,14848.44,200,1
1532,500,14776.48,200,1
1533,500,14833.77,200,1
1534,500,14859.42,200,1
1535,500,14855.50,200,1
1536,500,14484.90,200,1
1537,500,13965.06,200,1
1538,500,13965.14,200,1
1539,500,14061.42,200,1
1540,500,13960.25,200,1
1541,500,13973.80,200,1
1542,500,13978.45,200,1
1543,500,14052.15,200,1
1544,500,14025.77,200,1
1545,500,14239.47,200,1
1546,500,14047.23,200,1
1547,500,13862.95,200,1
1548,500,13882.31,200,1
1549,500,13871.12,200,1
1550,500,13867.23,200,1
1551,500,13889.51,200,1
1552,500,13928.69,200,1
1553,500,13944.08,200,1
1554,500,13948.56,200,1
1555,500,13953.04,200,1
1556,500,14128.05,200,1
1557,500,13827.19,200,1
1558,500,13835.92,200,1
1559,500,13840.79,200,1
1560,500,13888.44,200,1
1561,500,13848.08,200,1
1562,500,13843.85,200,1
1563,500,13900.43,200,1
1564,500,13902.91,200,1
1565,500,14084.32,200,1
1566,500,13910.80,200,1
1567,500,13826.28,200,1
1568,500,13830.15,200,1
1569,500,13832.82,200,1
1570,500,13844.16,200,1
1571,500,13838.57,200,1
1572,500,13884.69,200,1
1573,500,13906.82,200,1
1574,500,13898.30,200,1
1575,500,13892.12,200,1
1576,500,14064.43,200,1
1577,500,13767.39,200,1
1578,500,13770.45,200,1
1579,500,13791.64,200,1
1580,500,13774.78,200,1
1581,500,13824.85,200,1
1582,500,13833.70,200,1
1583,500,13790.64,200,1
1584,500,13837.66,200,1
1585,500,13846.15,200,1
1586,500,14004.29,200,1
1587,500,13772.11,200,1
1588,500,13773.21,200,1
1589,500,13773.22,200,1
1590,500,13786.19,200,1
1591,500,13779.51,200,1
1592,500,13816.57,200,1
1593,500,13825.59,200,1
1594,500,13840.56,200,1
1595,500,13847.96,200,1
1596,500,13997.74,200,1
1597,500,13770.37,200,1
1598,500,13768.54,200,1
1599,500,13778.71,200,1
1600,500,13776.06,200,1
1601,500,13809.77,200,1
1602,500,13822.19,200,1
1603,500,13776.58,200,1
1604,500,13841.96,200,1
1605,500,14020.58,200,1
1606,500,13845.08,200,1
1607,500,13788.36,200,1
1608,500,13780.26,200,1
1609,500,13795.96,200,1
1610,500,13793.12,200,1
1611,500,13848.99,200,1
1612,500,13795.81,200,1
1613,500,13835.78,200,1
1614,500,13875.43,200,1
1615,500,13866.71,200,1
1616,500,14061.90,200,1
1617,500,13798.50,200,1
1618,500,13790.41,200,1
1619,500,13787.57,200,1
1620,500,13838.07,200,1
1621,500,13860.11,200,1
1622,500,13788.17,200,1
1623,500,13822.23,200,1
1624,500,13864.60,200,1
1625,500,14030.32,200,1
1626,500,13788.10,200,1
1627,500,13800.89,200,1
1628,500,13795.21,200,1
1629,500,13787.90,200,1
1630,500,13784.75,200,1
1631,500,13804.94,200,1
1632,500,13776.18,200,1
1633,500,13820.65,200,1
1634,500,13842.10,200,1
1635,500,13841.00,200,1
1636,500,13985.66,200,1
1637,500,13780.72,200,1
1638,500,13755.46,200,1
1639,500,13750.48,200,1
1640,500,13750.76,200,1
1641,500,13746.54,200,1
1642,500,13771.20,200,1
1643,500,13790.62,200,1
1644,500,13806.52,200,1
1645,500,13795.93,200,1
1646,500,13945.86,200,1
1647,500,13736.26,200,1
1648,500,13714.71,200,1
1649,500,13714.44,200,1
1650,500,13711.82,200,1
1651,500,13713.48,200,1
1652,500,13734.25,200,1
1653,500,13794.44,200,1
1654,500,13756.56,200,1
1655,500,13783.89,200,1
1656,500,13932.86,200,1
1657,500,13736.69,200,1
1658,500,13712.25,200,1
1659,500,13715.04,200,1
1660,500,13735.49,200,1
1661,500,13740.13,200,1
1662,500,13708.57,200,1
1663,500,13763.68,200,1
1664,500,13787.16,200,1
1665,500,13769.75,200,1
1666,500,13913.48,200,1
1667,500,13719.37,200,1
1668,500,13697.42,200,1
1669,500,13690.47,200,1
1670,500,13701.34,200,1
1671,500,13705.98,200,1
1672,500,13712.11,200,1
1673,500,13766.06,200,1
1674,500,13741.37,200,1
1675,500,13747.76,200,1
1676,500,13875.54,200,1
1677,500,13641.06,200,1
1678,500,13604.13,200,1
1679,500,13609.57,200,1
1680,500,13604.29,200,1
1681,500,13609.77,200,1
1682,500,13650.03,200,1
1683,500,13614.61,200,1
1684,500,13665.20,200,1
1685,500,13666.00,200,1
1686,500,13810.56,200,1
1687,500,13639.51,200,1
1688,500,13637.04,200,1
1689,500,13639.00,200,1
1690,500,13632.63,200,1
1691,500,13635.43,200,1
1692,500,13642.27,200,1
1693,500,13670.07,200,1
1694,500,13684.89,200,1
1695,500,13690.24,200,1
1696,500,13798.24,200,1
1697,500,8480.90,200,1
1698,500,13597.61,200,1
1699,500,13614.65,200,1
1700,500,13599.97,200,1
1701,500,13624.76,200,1
1702,500,13618.97,200,1
1703,500,13616.69,200,1
1704,500,13641.56,200,1
1705,500,13660.79,200,1
1706,500,13647.82,200,1
1707,500,13605.41,200,1
1708,500,13608.05,200,1
1709,500,13622.67,200,1
1710,500,13602.09,200,1
1711,500,13623.71,200,1
1712,500,13623.30,200,1
1713,500,13624.62,200,1
1714,500,13637.57,200,1
1715,500,13663.67,200,1
1716,500,13648.82,200,1
1717,500,13586.79,200,1
1718,500,13594.11,200,1
1719,500,13608.23,200,1
1720,500,13587.85,200,1
1721,500,13608.58,200,1
1722,500,13607.45,200,1
1723,500,13606.80,200,1
1724,500,13648.45,200,1
1725,500,13623.47,200,1
1726,500,13632.37,200,1
1727,500,13552.33,200,1
1728,500,13571.74,200,1
1729,500,13551.08,200,1
1730,500,13553.64,200,1
1731,500,13577.50,200,1
1732,500,13569.79,200,1
1733,500,13569.34,200,1
1734,500,13592.18,200,1
1735,500,13608.87,200,1
1736,500,13599.61,200,1
1737,500,13541.81,200,1
1738,500,13535.74,200,1
1739,500,13552.59,200,1
1740,500,13548.78,200,1
1741,500,13560.81,200,1
1742,500,13555.41,200,1
1743,500,13551.59,200,1
1744,500,13574.75,200,1
1745,500,13595.17,200,1
1746,500,13582.69,200,1
1747,500,13510.32,200,1
1748,500,13499.96,200,1
1749,500,13511.23,200,1
1750,500,13512.21,200,1
1751,500,13517.88,200,1
1752,500,13520.78,200,1
1753,500,13519.15,200,1
1754,500,13539.64,200,1
1755,500,13565.77,200,1
1756,500,13556.78,200,1
1757,500,13458.54,200,1
1758,500,13457.38,200,1
1759,500,13466.64,200,1
1760,500,13476.35,200,1
1761,500,13476.07,200,1
1762,500,13478.84,200,1
1763,500,13480.86,200,1
1764,500,13495.98,200,1
1765,500,13526.64,200,1
1766,500,13511.66,200,1
1767,500,13437.32,200,1
1768,500,13444.02,200,1
1769,500,13476.71,200,1
1770,500,13493.71,200,1
1771,500,13493.86,200,1
1772,500,13492.45,200,1
1773,500,13493.15,200,1
1774,500,13512.78,200,1
1775,500,13537.08,200,1
1776,500,13538.06,200,1
1777,500,13463.77,200,1
1778,500,13470.98,200,1
1779,500,13487.08,200,1
1780,500,13492.10,200,1
1781,500,13498.64,200,1
1782,500,13480.42,200,1
1783,500,13480.14,200,1
1784,500,13489.50,200,1
1785,500,13533.86,200,1
1786,500,13528.01,200,1
1787,500,13433.06,200,1
1788,500,13450.20,200,1
1789,500,13456.99,200,1
1790,500,13464.78,200,1
1791,500,13468.74,200,1
1792,500,13452.53,200,1
1793,500,13461.22,200,1
1794,500,13470.72,200,1
1795,500,13504.11,200,1
1796,500,13615.18,200,1
1797,500,13286.57,200,1
1798,500,13399.80,200,1
1799,500,13418.11,200,1
1800,500,13433.20,200,1
1801,500,13426.13,200,1
1802,500,13413.50,200,1
1803,500,13418.81,200,1
1804,500,13427.49,200,1
1805,500,13458.74,200,1
1806,500,13465.91,200,1
1807,500,13374.11,200,1
1808,500,13415.93,200,1
1809,500,13376.07,200,1
1810,500,13417.07,200,1
1811,500,13409.72,200,1
1812,500,13413.33,200,1
1813,500,13412.26,200,1
1814,500,13417.31,200,1
1815,500,13444.74,200,1
1816,500,13444.14,200,1
1817,500,13356.44,200,1
1818,500,13369.57,200,1
1819,500,13380.79,200,1
1820,500,13390.78,200,1
1821,500,13393.15,200,1
1822,500,13400.25,200,1
1823,500,13398.32,200,1
1824,500,13409.84,200,1
1825,500,13439.70,200,1
1826,500,13430.26,200,1
1827,500,13337.80,200,1
1828,500,13366.06,200,1
1829,500,13377.43,200,1
1830,500,13380.21,200,1
1831,500,13387.46,200,1
1832,500,13403.23,200,1
1833,500,13401.02,200,1
1834,500,13396.31,200,1
1835,500,13431.45,200,1
1836,500,13422.06,200,1
1837,500,13330.44,200,1
1838,500,13344.03,200,1
1839,500,13363.70,200,1
1840,500,13363.85,200,1
1841,500,13369.17,200,1
1842,500,13382.17,200,1
1843,500,13381.91,200,1
1844,500,13374.10,200,1
1845,500,13410.86,200,1
1846,500,13415.97,200,1
1847,500,13299.92,200,1
1848,500,13323.09,200,1
1849,500,13376.89,200,1
1850,500,13372.45,200,1
1851,500,13372.48,200,1
1852,500,13385.33,200,1
1853,500,13375.86,200,1
1854,500,13366.92,200,1
1855,500,13406.92,200,1
1856,500,13402.26,200,1
1857,500,13313.02,200,1
1858,500,13336.33,200,1
1859,500,13375.77,200,1
1860,500,13378.23,200,1
1861,500,13375.62,200,1
1862,500,13394.19,200,1
1863,500,13387.23,200,1
1864,500,13378.83,200,1
1865,500,13415.94,200,1
1866,500,13415.15,200,1
1867,500,13339.65,200,1
1868,500,13361.80,200,1
1869,500,13400.31,200,1
1870,500,13394.75,200,1
1871,500,13401.26,200,1
1872,500,13415.21,200,1
1873,500,13397.47,200,1
1874,500,13393.71,200,1
1875,500,13437.93,200,1
1876,500,13445.16,200,1
1877,500,13357.15,200,1
1878,500,13377.35,200,1
1879,500,13431.20,200,1
1880,500,13419.39,200,1
1881,500,13418.96,200,1
1882,500,13434.58,200,1
1883,500,13414.49,200,1
1884,500,13417.55,200,1
1885,500,13446.42,200,1
1886,500,13450.91,200,1
1887,500,13375.31,200,1
1888,500,13403.83,200,1
1889,500,13455.42,200,1
1890,500,13435.20,200,1
1891,500,13445.34,200,1
1892,500,13459.72,200,1
1893,500,13453.20,200,1
1894,500,13451.98,200,1
1895,500,13472.24,200,1
1896,500,13469.59,200,1
1897,500,13370.19,200,1
1898,500,13398.21,200,1
1899,500,13450.72,200,1
1900,500,13443.26,200,1
1901,500,13438.32,200,1
1902,500,13461.13,200,1
1903,500,13454.54,200,1
1904,500,13448.69,200,1
1905,500,13461.80,200,1
1906,500,13466.63,200,1
1907,500,13387.63,200,1
1908,500,13421.87,200,1
1909,500,13474.92,200,1
1910,500,13471.91,200,1
1911,500,13460.83,200,1
1912,500,13488.05,200,1
1913,500,13477.24,200,1
1914,500,13474.40,200,1
1915,500,13503.72,200,1
1916,500,13507.63,200,1
1917,500,13437.00,200,1
1918,500,13448.16,200,1
1919,500,13494.49,200,1
1920,500,13495.63,200,1
1921,500,13477.68,200,1
1922,500,13506.64,200,1
1923,500,13502.35,200,1
1924,500,13492.10,200,1
1925,500,13522.91,200,1
1926,500,13514.69,200,1
1927,500,13448.32,200,1
1928,500,13462.00,200,1
1929,500,13518.51,200,1
1930,500,13515.50,200,1
1931,500,13501.84,200,1
1932,500,13523.04,200,1
1933,500,13512.02,200,1
1934,500,13508.32,200,1
1935,500,13528.80,200,1
1936,500,13530.62,200,1
1937,500,13459.34,200,1
1938,500,13474.16,200,1
1939,500,13529.54,200,1
1940,500,13531.08,200,1
1941,500,13516.52,200,1
1942,500,13548.09,200,1
1943,500,13517.74,200,1
1944,500,13533.64,200,1
1945,500,13521.40,200,1
1946,500,13541.60,200,1
1947,500,13469.30,200,1
1948,500,13497.38,200,1
1949,500,13542.08,200,1
1950,500,13543.14,200,1
1951,500,13539.47,200,1
1952,500,13565.80,200,1
1953,500,13524.67,200,1
1954,500,13521.26,200,1
1955,500,13536.88,200,1
1956,500,13549.37,200,1
1957,500,13453.86,200,1
1958,500,13493.49,200,1
1959,500,13530.01,200,1
1960,500,13527.41,200,1
1961,500,13527.13,200,1
1962,500,13561.19,200,1
1963,500,13520.32,200,1
1964,500,13514.68,200,1
1965,500,13544.07,200,1
1966,500,13529.39,200,1
1967,500,13464.27,200,1
1968,500,13495.83,200,1
1969,500,13538.95,200,1
1970,500,13534.95,200,1
1971,500,13547.61,200,1
1972,500,13564.66,200,1
1973,500,13527.99,200,1
1974,500,13543.47,200,1
1975,500,13538.10,200,1
1976,500,13551.94,200,1
1977,500,13460.05,200,1
1978,500,13509.69,200,1
1979,500,13533.71,200,1
1980,500,13538.77,200,1
1981,500,13566.67,200,1
1982,500,13569.09,200,1
1983,500,13526.77,200,1
1984,500,13538.02,200,1
1985,500,13562.16,200,1
1986,500,13563.04,200,1
1987,500,13484.15,200,1
1988,500,13557.59,200,1
1989,500,13529.57,200,1
1990,500,13561.95,200,1
1991,500,13601.77,200,1
1992,500,13604.60,200,1
1993,500,13590.08,200,1
1994,500,13653.39,200,1
1995,500,13604.22,200,1
1996,500,13651.84,200,1
1997,500,13687.36,200,1
1998,500,13769.86,200,1
1999,500,13834.72,200,1
